customer_id,segment,region,avg_daily_usage,usage_drop_pct,open_tickets,failed_payments,days_since_last_login,tenure_months,mrr,recent_support_escalations,payment_streak,churn_label,health_score
CUST00524,enterprise,west,108.89,3.75,0,0,1,33,10888.55,0,12,0,96
CUST01180,mid-market,west,43.52,9.83,1,0,1,19,435.17,0,12,0,85
CUST01078,enterprise,north,58.74,18.21,0,0,68,37,5874.32,0,10,0,75
CUST00134,small-business,east,0.0,36.21,0,0,16,26,0.0,0,12,0,68
CUST00187,mid-market,north,68.96,10.21,1,0,30,3,689.63,0,11,0,80
CUST00343,mid-market,north,89.13,0.0,2,0,5,4,891.3,0,12,0,87
CUST00768,small-business,north,15.42,35.08,1,0,84,5,30.83,0,10,1,55
CUST00496,small-business,north,0.0,24.09,3,0,28,59,0.0,1,12,1,58
CUST01068,enterprise,east,70.82,20.36,0,0,3,42,7082.26,0,12,0,83
CUST00896,small-business,south,23.31,26.17,1,0,6,39,46.62,0,12,0,72
CUST01370,mid-market,west,0.09,17.08,2,0,11,37,0.88,0,12,0,72
CUST01353,mid-market,east,65.95,24.57,0,1,11,27,659.5,0,9,1,68
CUST01280,mid-market,east,108.17,8.53,0,1,1,47,1081.71,0,9,0,83
CUST00021,mid-market,north,53.07,15.67,1,0,71,19,530.7,0,10,0,71
CUST01387,enterprise,south,137.51,0.0,0,0,2,21,13750.86,0,12,0,99
CUST00787,mid-market,north,38.57,25.46,2,0,67,20,385.7,0,10,1,57
CUST00952,small-business,east,0.0,18.19,3,0,77,3,0.0,1,10,1,57
CUST01425,enterprise,west,71.32,43.18,0,0,10,10,7131.82,0,12,1,63
CUST00137,small-business,north,27.68,29.83,2,1,16,28,55.36,0,9,1,51
CUST00008,mid-market,east,70.95,18.28,1,0,7,40,709.52,0,12,0,78
CUST00259,small-business,east,1.67,31.95,2,0,16,47,3.35,0,12,1,59
CUST00981,mid-market,east,60.1,29.15,0,0,3,42,600.96,0,12,0,76
CUST01348,mid-market,west,11.47,12.6,1,1,18,54,114.74,0,9,1,70
CUST01190,small-business,south,15.72,10.3,2,0,0,50,31.43,0,12,0,79
CUST01391,mid-market,south,94.37,1.03,0,0,4,15,943.68,0,12,0,98
CUST01229,mid-market,east,0.0,26.5,2,0,15,37,0.0,0,12,1,64
CUST01197,mid-market,south,107.65,0.0,0,0,8,22,1076.55,0,12,0,98
CUST00717,small-business,east,70.15,37.6,0,0,6,28,140.29,0,12,0,68
CUST00561,mid-market,north,23.69,8.85,1,0,14,57,236.92,0,12,0,84
CUST00886,mid-market,south,49.68,6.43,0,0,2,53,496.8,0,12,0,94
CUST00362,enterprise,north,102.37,10.8,0,0,17,41,10237.0,0,12,0,88
CUST00076,small-business,west,30.27,39.12,4,0,8,9,60.55,1,12,1,43
CUST01300,mid-market,south,54.14,1.14,0,1,3,58,541.42,0,9,0,88
CUST01144,small-business,south,17.36,17.9,2,1,33,11,34.73,0,8,1,58
CUST00731,small-business,west,0.0,21.93,0,0,3,31,0.0,0,12,0,81
CUST00287,enterprise,east,70.71,11.08,0,0,2,16,7070.87,0,12,0,90
CUST00177,mid-market,east,0.0,14.33,0,0,41,35,0.0,0,11,0,81
CUST00588,enterprise,west,74.01,0.0,0,0,15,7,7401.41,0,12,0,97
CUST00380,mid-market,west,49.89,10.3,0,1,19,48,498.95,0,9,1,78
CUST00982,enterprise,west,68.34,22.57,0,0,9,20,6834.33,0,12,0,80
CUST00512,enterprise,south,125.53,15.01,0,0,15,46,12553.21,0,12,0,85
CUST00015,enterprise,east,83.97,0.0,0,0,0,59,8396.75,0,12,0,100
CUST00800,mid-market,south,0.0,10.76,0,0,0,56,0.0,0,12,0,91
CUST00565,small-business,north,0.0,21.44,1,0,9,11,0.0,0,12,0,75
CUST01083,small-business,north,43.88,24.47,0,0,0,59,87.77,0,12,0,80
CUST00539,mid-market,east,59.72,8.52,0,1,17,34,597.22,0,9,0,80
CUST00861,mid-market,east,48.63,13.55,3,0,0,59,486.34,1,12,0,71
CUST00862,enterprise,east,62.95,29.58,0,0,33,52,6295.46,0,11,0,70
CUST00925,small-business,east,0.0,24.56,2,0,26,37,0.0,0,12,1,64
CUST01090,mid-market,west,21.27,29.47,1,0,14,25,212.71,0,12,0,68
CUST00835,mid-market,east,11.83,13.69,0,0,0,29,118.28,0,12,0,89
CUST00399,small-business,east,0.0,21.85,2,0,49,18,0.0,0,11,1,62
CUST00887,small-business,east,18.29,16.64,2,0,40,15,36.58,0,11,0,68
CUST00370,mid-market,east,52.37,20.23,1,0,3,17,523.67,0,12,0,77
CUST00558,small-business,east,0.0,33.8,1,0,15,58,0.0,0,12,1,64
CUST00403,small-business,west,25.69,13.38,1,1,71,34,51.38,0,7,1,63
CUST00937,enterprise,south,121.14,3.51,1,0,19,27,12113.96,0,12,0,88
CUST00205,enterprise,south,53.67,25.03,0,0,22,23,5366.61,0,12,0,76
CUST00965,enterprise,west,113.06,16.72,0,0,4,23,11305.71,0,12,0,85
CUST00300,mid-market,south,53.4,5.62,0,0,25,21,533.98,0,12,0,91
CUST00267,mid-market,east,47.17,19.14,2,0,55,13,471.69,0,11,1,63
CUST00681,mid-market,north,8.44,27.93,0,1,10,24,84.37,0,9,1,65
CUST01143,mid-market,west,0.0,19.33,2,0,48,44,0.0,0,11,1,64
CUST01354,small-business,north,23.6,10.07,1,0,48,2,47.2,0,11,0,77
CUST01014,mid-market,south,60.34,24.04,0,0,1,36,603.4,0,12,0,80
CUST00407,mid-market,east,35.9,22.66,0,0,19,13,358.99,0,12,0,78
CUST01435,small-business,north,0.0,23.75,3,0,79,32,0.0,1,10,1,53
CUST00809,small-business,north,49.87,4.9,0,0,68,59,99.74,0,10,0,86
CUST00977,small-business,west,52.53,22.1,3,2,15,41,105.05,1,6,1,41
CUST00917,small-business,south,56.94,3.3,4,0,6,13,113.88,1,12,0,72
CUST01107,enterprise,east,104.54,19.63,0,0,8,56,10453.69,0,12,0,82
CUST01290,small-business,west,51.39,36.02,1,1,14,34,102.78,0,9,1,52
CUST01482,mid-market,south,21.1,1.79,0,0,9,31,210.96,0,12,0,97
CUST00573,enterprise,south,113.02,6.72,1,0,2,42,11301.66,0,12,0,88
CUST00013,small-business,east,49.19,27.96,2,0,16,42,98.38,0,12,1,62
CUST00115,mid-market,south,123.37,1.29,0,1,26,36,1233.73,0,9,0,84
CUST00796,small-business,south,0.0,18.58,1,0,6,49,0.0,0,12,0,78
CUST00650,small-business,west,12.67,9.99,1,0,36,32,25.33,0,11,0,80
CUST00463,mid-market,west,20.37,25.35,1,0,5,40,203.66,0,12,0,72
CUST00144,mid-market,east,69.91,30.1,1,1,14,31,699.12,0,9,1,57
CUST00073,small-business,south,0.0,38.31,2,0,14,1,0.0,0,12,1,55
CUST00199,mid-market,east,74.22,7.54,0,0,1,45,742.19,0,12,0,93
CUST01486,small-business,north,31.73,21.96,0,1,76,26,63.45,0,7,1,62
CUST00455,mid-market,north,38.11,33.97,1,0,6,22,381.07,0,12,0,65
CUST01262,small-business,north,50.33,28.48,0,1,53,54,100.67,0,8,1,58
CUST00390,enterprise,north,74.6,27.31,0,0,8,53,7460.16,0,12,0,76
CUST00531,mid-market,north,37.15,0.0,2,1,35,43,371.5,0,8,0,72
CUST00657,mid-market,south,23.26,19.38,1,0,22,1,232.63,0,12,0,74
CUST00286,small-business,west,6.07,16.54,2,0,9,42,12.14,0,12,0,73
CUST01457,enterprise,east,152.08,2.81,0,0,12,45,15208.35,0,12,0,95
CUST01163,enterprise,south,124.27,0.0,0,0,6,58,12427.2,0,12,0,99
CUST00700,mid-market,south,44.51,8.98,1,0,54,43,445.1,0,11,0,77
CUST00238,mid-market,north,33.48,28.13,2,0,25,37,334.78,0,12,1,61
CUST00859,small-business,west,40.67,14.81,2,0,68,48,81.34,0,10,0,66
CUST01413,mid-market,south,80.95,0.0,0,0,19,25,809.5,0,12,0,96
CUST00027,enterprise,east,48.68,21.19,2,0,6,41,4868.41,0,12,0,70
CUST00269,mid-market,north,88.69,6.73,0,0,0,1,886.93,0,12,0,94
CUST01311,small-business,east,6.99,26.64,1,0,54,34,13.97,0,11,1,63
CUST00240,mid-market,east,58.02,23.22,1,0,15,2,580.22,0,12,0,72
CUST00890,small-business,south,0.0,31.57,0,0,73,9,0.0,0,10,1,64
CUST00462,mid-market,north,34.7,0.0,0,0,10,47,347.04,0,12,0,98
CUST00949,mid-market,south,126.54,6.5,0,0,12,27,1265.35,0,12,0,92
CUST01110,mid-market,south,47.31,20.33,2,0,5,47,473.06,0,12,0,70
CUST00063,enterprise,south,90.48,4.58,1,0,12,19,9047.89,0,12,0,88
CUST01196,mid-market,south,67.37,24.6,1,0,17,39,673.68,0,12,0,71
CUST00704,enterprise,west,84.89,0.0,0,0,30,26,8489.49,0,11,0,95
CUST00651,enterprise,north,134.28,0.0,0,0,6,23,13428.1,0,12,0,99
CUST00569,small-business,east,16.86,0.0,2,0,17,10,33.72,0,12,0,85
CUST00841,mid-market,west,21.23,28.73,1,0,29,57,212.31,0,12,0,66
CUST00118,mid-market,south,35.8,29.52,0,0,28,47,357.97,0,12,0,71
CUST01232,small-business,west,62.37,20.64,1,0,24,45,124.74,0,12,0,73
CUST01193,mid-market,west,13.3,34.25,1,0,3,7,133.03,0,12,0,66
CUST00712,enterprise,north,89.03,0.0,0,0,4,45,8903.48,0,12,0,99
CUST00099,mid-market,east,65.85,22.08,1,0,14,6,658.49,0,12,0,74
CUST01265,small-business,west,12.0,10.2,0,0,9,54,24.0,0,12,0,90
CUST00460,mid-market,south,35.22,25.69,2,0,9,16,352.18,0,12,0,65
CUST00580,mid-market,east,61.59,16.12,1,0,2,54,615.89,0,12,0,80
CUST00091,enterprise,west,100.86,9.69,0,0,5,35,10085.86,0,12,0,91
CUST00393,mid-market,east,46.9,3.57,1,0,94,9,469.02,0,9,0,81
CUST00758,mid-market,east,43.99,22.32,1,0,42,4,439.89,0,11,0,69
CUST00958,enterprise,south,104.9,0.0,0,0,8,15,10489.6,0,12,0,98
CUST01306,mid-market,west,64.22,26.96,0,0,3,22,642.21,0,12,0,77
CUST00426,mid-market,south,37.47,29.42,0,0,4,6,374.67,0,12,0,75
CUST01281,mid-market,south,14.89,22.03,2,0,81,25,148.89,0,10,1,60
CUST01156,mid-market,south,66.03,20.69,1,0,12,25,660.32,0,12,0,75
CUST01490,small-business,south,23.57,23.23,0,0,64,12,47.13,0,10,0,71
CUST00687,small-business,east,40.87,48.84,2,0,62,7,81.73,0,10,1,38
CUST00994,enterprise,north,78.88,13.74,0,0,3,9,7887.74,0,12,0,88
CUST01364,mid-market,north,79.3,40.56,0,0,25,43,792.96,0,12,1,63
CUST01308,mid-market,north,90.09,0.7,1,0,8,17,900.91,0,12,0,92
CUST00057,enterprise,north,81.19,0.0,0,0,4,13,8119.43,0,12,0,99
CUST00149,mid-market,east,78.15,14.84,0,0,2,45,781.49,0,12,0,87
CUST01259,mid-market,east,24.16,28.45,1,1,14,57,241.59,0,9,1,58
CUST00040,mid-market,west,14.0,32.01,0,1,54,58,139.96,0,8,1,55
CUST00622,small-business,east,10.12,14.86,1,0,26,57,20.23,0,12,0,77
CUST00373,mid-market,west,16.31,16.76,3,0,3,49,163.08,1,12,0,68
CUST00751,mid-market,west,3.87,18.55,1,0,18,45,38.72,0,12,0,76
CUST00747,mid-market,west,21.35,20.37,3,1,35,37,213.5,1,8,1,49
CUST00085,small-business,north,4.58,9.41,3,0,1,5,9.17,1,12,0,74
CUST00754,mid-market,south,50.19,14.43,0,0,29,35,501.94,0,12,0,83
CUST00048,enterprise,south,72.19,19.4,0,0,1,30,7219.21,0,12,0,84
CUST00757,enterprise,north,96.02,0.0,0,0,9,9,9602.3,0,12,0,98
CUST00042,mid-market,east,48.57,25.19,1,0,36,40,485.71,0,11,0,67
CUST01243,small-business,south,56.06,20.09,0,0,9,26,112.12,0,12,0,82
CUST01393,enterprise,north,65.38,0.0,2,0,1,24,6537.88,0,12,0,87
CUST00919,small-business,north,15.99,12.33,2,0,61,49,31.98,0,10,0,68
CUST01189,small-business,south,28.85,8.02,3,0,22,29,57.7,1,12,0,71
CUST00810,small-business,north,37.28,18.51,3,0,9,58,74.55,1,12,0,65
CUST00235,mid-market,east,52.19,27.8,1,0,2,39,521.9,0,12,0,71
CUST00987,mid-market,south,46.66,34.42,0,0,80,25,466.55,0,10,1,62
CUST00006,mid-market,north,83.91,3.73,0,0,2,4,839.07,0,12,0,96
CUST00068,mid-market,south,75.31,9.34,0,0,2,15,753.07,0,12,0,92
CUST00660,enterprise,south,163.74,13.31,0,0,0,39,16374.31,0,12,0,89
CUST01299,mid-market,south,53.95,39.7,1,0,24,28,539.51,0,12,1,58
CUST00045,mid-market,south,102.96,4.05,1,1,13,5,1029.64,0,9,0,78
CUST00951,mid-market,west,91.06,0.0,1,0,8,20,910.59,0,12,0,92
CUST01037,mid-market,west,78.6,28.26,0,0,9,52,786.02,0,12,0,75
CUST00641,mid-market,east,39.16,19.36,0,0,3,3,391.61,0,12,0,84
CUST00244,mid-market,east,47.89,24.87,0,0,17,6,478.85,0,12,0,77
CUST00011,mid-market,east,64.28,33.04,4,0,4,24,642.81,1,12,1,48
CUST00526,mid-market,east,21.9,13.32,0,1,18,49,219.05,0,9,1,76
CUST01416,enterprise,north,116.28,1.73,0,0,10,15,11628.19,0,12,0,96
CUST01276,mid-market,south,31.44,31.87,0,0,0,2,314.41,0,12,0,74
CUST01070,small-business,north,15.75,11.57,0,2,24,50,31.5,0,6,1,66
CUST01118,enterprise,north,96.24,0.0,0,0,8,2,9624.12,0,12,0,98
CUST01286,mid-market,north,98.24,13.53,1,0,42,2,982.37,0,11,0,76
CUST00209,small-business,north,45.18,38.15,1,0,11,33,90.35,0,12,1,61
CUST01106,mid-market,west,54.87,9.43,2,0,7,22,548.71,0,12,0,79
CUST01003,small-business,south,79.98,31.4,0,0,10,13,159.95,0,12,0,73
CUST01227,mid-market,west,34.99,0.0,0,0,5,12,349.92,0,12,0,99
CUST00721,small-business,east,16.27,14.31,3,0,6,41,32.53,1,12,0,69
CUST00162,small-business,south,0.0,11.22,1,0,57,42,0.0,0,11,0,75
CUST00323,enterprise,north,72.18,22.38,0,0,11,17,7217.94,0,12,0,80
CUST01199,mid-market,west,78.38,23.68,2,0,1,27,783.81,0,12,0,68
CUST01494,small-business,east,0.0,18.78,1,0,8,14,0.0,0,12,0,77
CUST00367,small-business,west,31.72,27.93,0,1,8,38,63.44,0,9,1,66
CUST00017,small-business,north,61.16,21.76,2,0,5,52,122.31,0,12,0,69
CUST00096,small-business,north,1.49,7.41,2,1,1,9,2.97,0,9,0,71
CUST00782,enterprise,south,53.11,8.21,0,0,19,35,5310.9,0,12,0,90
CUST01222,mid-market,north,54.31,19.15,3,0,7,12,543.13,1,12,0,65
CUST00190,small-business,east,16.98,34.99,0,0,17,18,33.95,0,12,0,69
CUST00451,enterprise,west,45.18,19.45,0,0,21,55,4517.58,0,12,0,80
CUST00029,small-business,north,45.62,37.89,3,0,19,35,91.24,1,12,1,48
CUST00142,small-business,south,5.6,42.98,1,0,36,40,11.19,0,11,1,53
CUST00322,mid-market,west,33.26,3.08,0,0,25,21,332.57,0,12,0,93
CUST00242,small-business,west,93.95,0.0,1,0,5,25,187.89,0,12,0,93
CUST00252,enterprise,east,58.36,12.38,0,0,9,53,5836.16,0,12,0,88
CUST00975,enterprise,west,94.59,13.71,0,0,4,4,9459.46,0,12,0,88
CUST01167,small-business,east,4.65,25.64,1,0,2,23,9.29,0,12,0,73
CUST00094,mid-market,north,96.88,5.56,1,0,4,37,968.84,0,12,0,88
CUST00568,small-business,east,14.65,6.36,1,0,2,47,29.31,0,12,0,88
CUST00927,small-business,south,27.67,20.04,1,0,31,52,55.33,0,11,0,72
CUST00332,enterprise,south,105.86,9.92,0,0,0,11,10586.13,0,12,0,92
CUST00916,mid-market,north,95.86,0.0,0,0,4,40,958.62,0,12,0,99
CUST01208,enterprise,east,47.04,37.41,0,0,32,12,4703.84,0,11,1,64
CUST00164,small-business,north,12.94,21.02,2,1,142,50,25.87,0,5,1,51
CUST00794,mid-market,east,73.98,29.36,0,0,1,38,739.82,0,12,0,76
CUST00689,enterprise,east,125.98,10.01,0,0,24,16,12597.78,0,12,0,87
CUST00457,small-business,east,42.12,18.41,0,0,46,28,84.24,0,11,0,77
CUST00103,small-business,south,58.65,24.65,0,1,41,50,117.3,0,8,1,63
CUST00509,enterprise,east,81.62,10.52,0,0,1,39,8161.92,0,12,0,91
CUST01432,mid-market,south,62.84,37.23,0,0,4,5,628.39,0,12,0,69
CUST01404,small-business,south,26.56,32.97,1,0,14,26,53.13,0,12,0,65
CUST01000,mid-market,east,110.09,0.0,2,0,4,36,1100.87,0,12,0,87
CUST00707,mid-market,north,96.59,0.0,2,1,17,14,965.91,0,9,0,75
CUST00396,small-business,south,47.1,20.61,0,0,49,47,94.21,0,11,0,75
CUST01250,small-business,east,22.04,4.75,1,0,20,19,44.08,0,12,0,86
CUST00833,enterprise,south,116.01,26.92,0,0,5,24,11601.11,0,12,0,77
CUST01447,enterprise,south,64.17,9.87,0,0,5,30,6417.44,0,12,0,91
CUST00185,mid-market,west,5.82,19.1,0,0,85,33,58.25,0,10,0,74
CUST00175,small-business,east,0.0,0.0,0,1,35,52,0.0,0,8,0,84
CUST01155,mid-market,south,42.76,34.67,2,0,9,2,427.57,0,12,1,58
CUST00597,mid-market,east,107.05,2.45,3,1,3,32,1070.47,1,9,0,69
CUST00813,mid-market,north,23.62,23.49,3,0,13,18,236.22,1,12,1,61
CUST00853,mid-market,east,54.62,25.19,0,0,6,29,546.18,0,12,0,78
CUST00760,mid-market,west,42.72,1.1,0,0,15,27,427.19,0,12,0,96
CUST00971,enterprise,east,63.49,33.63,0,0,8,39,6349.31,0,12,0,71
CUST00532,enterprise,west,86.5,12.57,0,0,14,32,8649.96,0,12,0,87
CUST01054,small-business,north,55.01,11.74,0,0,17,47,110.03,0,12,0,87
CUST00360,small-business,east,0.0,29.63,1,0,0,47,0.0,0,12,0,70
CUST00459,mid-market,east,138.47,12.45,0,0,17,25,1384.73,0,12,0,87
CUST00442,mid-market,north,111.37,7.71,1,0,5,32,1113.75,0,12,0,86
CUST00270,small-business,south,36.17,23.42,1,1,32,25,72.35,0,8,1,59
CUST00366,small-business,south,0.0,18.55,1,1,88,34,0.0,0,7,1,59
CUST00638,mid-market,south,71.4,19.21,3,0,0,6,713.97,1,12,0,66
CUST00239,small-business,west,20.78,0.0,1,0,33,42,41.57,0,11,0,88
CUST00789,small-business,west,16.04,14.76,1,0,11,50,32.07,0,12,0,80
CUST01030,small-business,west,2.61,19.4,1,1,31,39,5.23,0,8,1,63
CUST00194,mid-market,west,143.15,3.47,1,0,5,36,1431.46,0,12,0,90
CUST00908,mid-market,south,62.63,30.02,4,0,13,48,626.29,1,12,1,49
CUST00674,mid-market,west,25.04,18.91,1,1,61,48,250.44,0,7,1,58
CUST00968,small-business,west,52.09,20.66,0,0,62,11,104.18,0,10,0,73
CUST01207,enterprise,east,124.33,22.91,0,0,3,24,12433.08,0,12,0,81
CUST01257,mid-market,north,71.08,23.51,1,0,2,33,710.82,0,12,0,74
CUST00376,mid-market,east,71.86,15.12,0,0,22,13,718.61,0,12,0,84
CUST00212,mid-market,south,9.78,31.64,1,0,14,29,97.84,0,12,0,66
CUST01010,mid-market,west,41.86,31.1,0,0,25,46,418.59,0,12,0,70
CUST01103,small-business,west,54.2,11.63,3,0,35,57,108.4,1,11,0,66
CUST00545,mid-market,west,53.69,9.91,1,0,32,18,536.85,0,11,0,80
CUST01323,enterprise,south,149.18,10.79,0,0,10,19,14917.91,0,12,0,89
CUST00377,mid-market,north,0.0,8.11,2,0,24,27,0.0,0,12,0,77
CUST01368,small-business,east,31.76,15.32,2,0,2,10,63.53,0,12,0,75
CUST01200,mid-market,east,66.71,0.0,1,0,12,21,667.05,0,12,0,92
CUST00285,mid-market,west,56.17,16.22,1,0,43,54,561.71,0,11,0,73
CUST00706,enterprise,west,139.44,0.0,0,0,2,34,13944.34,0,12,0,99
CUST00621,mid-market,east,95.02,9.08,0,0,4,35,950.19,0,12,0,92
CUST01069,small-business,east,0.0,11.07,0,0,8,7,0.0,0,12,0,89
CUST00316,small-business,south,2.83,6.79,0,0,48,59,5.66,0,11,0,86
CUST01434,mid-market,west,81.45,0.0,0,0,12,16,814.55,0,12,0,98
CUST00613,mid-market,south,9.03,18.51,1,0,72,46,90.25,0,10,0,69
CUST01169,enterprise,north,133.57,12.74,1,0,21,22,13356.68,0,12,0,80
CUST00595,enterprise,west,148.67,19.51,0,0,0,18,14866.58,0,12,0,84
CUST00065,mid-market,west,32.77,5.08,1,0,51,39,327.74,0,11,0,81
CUST01020,small-business,east,42.75,6.6,4,1,9,21,85.49,1,9,1,59
CUST00783,small-business,south,0.0,28.92,1,0,21,47,0.0,0,12,0,67
CUST00350,small-business,south,98.99,0.0,0,0,18,3,197.98,0,12,0,97
CUST01466,enterprise,south,132.39,13.77,0,0,1,2,13239.15,0,12,0,88
CUST01087,small-business,north,0.0,28.31,2,0,20,56,0.0,0,12,1,62
CUST00132,small-business,east,55.56,13.3,2,1,45,17,111.11,0,8,1,59
CUST01412,mid-market,east,76.66,15.11,0,0,7,9,766.56,0,12,0,86
CUST00777,mid-market,north,6.17,13.52,0,0,29,19,61.71,0,12,0,84
CUST00499,enterprise,east,60.65,28.68,0,0,9,15,6064.95,0,12,0,75
CUST01424,enterprise,north,94.3,0.65,0,0,21,7,9430.47,0,12,0,95
CUST00818,mid-market,south,50.23,37.29,1,1,13,33,502.28,0,9,1,52
CUST00372,small-business,east,44.21,10.26,3,0,44,18,88.43,1,11,0,66
CUST00086,mid-market,east,11.59,6.98,0,0,22,12,115.91,0,12,0,90
CUST01104,mid-market,east,18.87,34.78,0,0,3,27,188.65,0,12,0,71
CUST00619,enterprise,west,112.01,1.31,0,0,9,50,11201.44,0,12,0,97
CUST01096,small-business,north,48.41,10.85,0,1,29,33,96.82,0,9,1,76
CUST00113,small-business,north,32.4,38.77,1,0,71,38,64.81,0,10,1,52
CUST00299,mid-market,east,27.16,4.84,1,0,15,43,271.56,0,12,0,87
CUST00684,mid-market,south,44.56,18.94,1,0,16,53,445.57,0,12,0,76
CUST00936,enterprise,north,118.81,0.0,0,0,5,38,11880.86,0,12,0,99
CUST00884,small-business,east,2.39,24.96,1,0,62,16,4.78,0,10,1,64
CUST00138,small-business,south,7.44,34.55,2,0,44,29,14.88,0,11,1,53
CUST00693,small-business,east,0.0,28.23,3,0,12,59,0.0,1,12,1,57
CUST00303,mid-market,west,39.96,15.96,0,1,31,43,399.57,0,8,1,72
CUST00289,mid-market,east,53.05,8.69,0,0,69,18,530.49,0,10,0,83
CUST00336,mid-market,west,55.8,11.81,2,0,41,2,558.02,0,11,0,71
CUST00105,mid-market,west,65.96,26.96,2,0,10,4,659.58,0,12,1,64
CUST00402,small-business,east,0.0,19.51,2,0,75,23,0.0,0,10,1,62
CUST01396,small-business,west,34.56,11.51,0,0,10,3,69.12,0,12,0,89
CUST01453,mid-market,north,59.02,27.68,1,1,63,45,590.22,0,7,1,51
CUST00110,enterprise,east,85.09,3.88,0,0,6,10,8509.42,0,12,0,95
CUST00820,mid-market,east,0.0,12.39,1,0,26,16,0.0,0,12,0,79
CUST00255,small-business,west,33.95,21.67,1,0,79,40,67.9,0,10,0,66
CUST00661,enterprise,east,127.48,7.49,0,0,0,9,12747.96,0,12,0,94
CUST00136,mid-market,east,49.75,33.59,0,0,20,12,497.53,0,12,0,69
CUST00049,small-business,west,7.4,21.39,2,0,81,32,14.8,0,10,1,60
CUST01060,mid-market,north,50.88,25.17,0,0,2,54,508.83,0,12,0,79
CUST01035,mid-market,east,40.39,2.21,1,0,40,57,403.88,0,11,0,85
CUST00088,mid-market,west,53.68,39.73,0,0,0,36,536.75,0,12,0,68
CUST00406,mid-market,west,76.84,0.0,1,0,1,55,768.37,0,12,0,93
CUST00087,mid-market,south,33.39,8.02,1,0,48,57,333.91,0,11,0,79
CUST00101,mid-market,north,44.06,24.77,1,0,23,10,440.61,0,12,0,70
CUST00874,enterprise,north,104.04,0.0,0,0,32,12,10404.12,0,11,0,94
CUST00772,mid-market,west,45.2,29.37,1,0,65,1,452.03,0,10,1,60
CUST00488,mid-market,north,44.32,5.13,0,0,65,15,443.18,0,10,0,85
CUST01258,mid-market,east,95.24,11.23,0,0,5,27,952.42,0,12,0,90
CUST00826,mid-market,west,52.37,15.39,0,0,5,22,523.67,0,12,0,86
CUST01377,enterprise,west,104.8,0.0,0,0,11,17,10479.52,0,12,0,98
CUST00102,enterprise,north,81.94,7.6,0,0,9,24,8194.09,0,12,0,92
CUST00870,small-business,south,23.79,8.22,2,1,1,23,47.58,0,9,0,71
CUST00476,small-business,south,0.0,19.06,3,0,1,31,0.0,1,12,0,66
CUST00571,mid-market,west,48.82,19.37,2,0,9,2,488.25,0,12,0,71
CUST01420,enterprise,west,93.12,1.5,0,0,0,9,9311.87,0,12,0,98
CUST00709,small-business,east,1.57,12.9,1,0,35,15,3.14,0,11,0,77
CUST01165,enterprise,north,110.2,0.0,1,0,4,8,11020.18,0,12,0,93
CUST01099,mid-market,north,64.96,27.54,1,1,2,3,649.58,0,9,1,61
CUST01112,mid-market,north,58.9,7.8,1,0,9,43,589.0,0,12,0,86
CUST01194,mid-market,south,19.64,24.49,0,0,28,34,196.43,0,12,0,75
CUST00432,small-business,north,20.19,33.53,0,0,82,50,40.39,0,10,1,63
CUST00428,small-business,north,58.74,0.0,2,1,3,14,117.48,0,9,0,77
CUST00174,mid-market,east,32.97,27.31,0,0,18,4,329.69,0,12,0,75
CUST00216,enterprise,west,105.38,18.21,1,0,0,15,10538.25,0,12,0,79
CUST00445,enterprise,east,149.93,7.25,0,0,0,4,14992.95,0,12,0,94
CUST00139,mid-market,north,4.28,12.02,0,0,10,35,42.8,0,12,0,88
CUST00033,mid-market,south,132.03,0.94,1,0,3,35,1320.33,0,12,0,92
CUST00260,mid-market,north,79.88,12.43,1,0,1,4,798.81,0,12,0,83
CUST00492,small-business,south,93.48,0.0,1,1,22,21,186.97,0,9,0,80
CUST00309,mid-market,east,20.02,14.95,2,0,4,41,200.21,0,12,0,75
CUST00081,mid-market,south,14.5,0.0,1,0,45,30,145.02,0,11,0,86
CUST00525,mid-market,north,8.54,22.5,0,0,88,23,85.4,0,10,0,72
CUST00556,mid-market,west,51.77,24.47,1,0,3,19,517.7,0,12,0,73
CUST01313,small-business,east,8.6,35.98,4,0,1,21,17.21,1,12,1,47
CUST00347,mid-market,east,50.16,15.24,1,0,0,27,501.65,0,12,0,81
CUST00098,mid-market,south,73.92,21.45,0,1,6,38,739.25,0,9,1,71
CUST00181,enterprise,west,57.22,26.06,0,0,5,22,5721.62,0,12,0,78
CUST00686,small-business,south,0.0,21.45,4,0,6,5,0.0,1,12,1,57
CUST00446,small-business,east,22.09,27.23,1,0,28,32,44.17,0,12,0,67
CUST00973,small-business,north,13.74,16.87,3,0,17,7,27.48,1,12,0,65
CUST01123,small-business,south,16.57,21.48,1,0,37,57,33.13,0,11,0,70
CUST00357,mid-market,west,49.6,23.91,2,0,6,24,495.96,0,12,0,67
CUST01019,mid-market,north,32.67,19.92,1,0,32,10,326.72,0,11,0,72
CUST01141,mid-market,south,133.97,5.49,1,0,28,37,1339.69,0,12,0,84
CUST00004,mid-market,north,5.71,34.87,2,0,17,18,57.1,0,12,1,57
CUST01073,small-business,south,0.0,30.69,1,0,21,43,0.0,0,12,0,65
CUST01275,small-business,west,40.73,20.18,0,0,26,30,81.46,0,12,0,79
CUST01160,mid-market,west,23.63,26.67,0,0,26,41,236.33,0,12,0,74
CUST01351,mid-market,east,64.11,39.72,2,2,13,1,641.14,0,6,1,34
CUST01108,small-business,north,59.2,22.9,1,0,38,41,118.39,0,11,0,69
CUST00368,mid-market,west,1.77,12.37,0,0,48,14,17.73,0,11,0,82
CUST00961,enterprise,south,111.96,0.0,0,0,4,31,11195.69,0,12,0,99
CUST00320,mid-market,north,0.0,25.28,1,0,39,41,0.0,0,11,0,67
CUST00026,mid-market,east,26.5,16.78,2,0,50,57,265.02,0,11,0,66
CUST01403,mid-market,east,17.33,17.73,1,0,11,13,173.34,0,12,0,77
CUST01059,mid-market,west,94.61,0.0,0,0,12,50,946.08,0,12,0,98
CUST00297,mid-market,east,0.0,19.63,2,0,0,40,0.0,0,12,0,72
CUST00891,mid-market,west,76.06,8.14,0,0,0,11,760.63,0,12,0,93
CUST01235,mid-market,north,29.94,29.42,0,0,11,41,299.39,0,12,0,74
CUST00914,small-business,north,0.0,26.7,2,1,18,56,0.0,0,9,1,53
CUST00158,small-business,south,15.52,13.41,1,1,3,43,31.05,0,9,1,72
CUST01171,mid-market,west,42.31,6.63,3,0,48,7,423.08,1,11,0,68
CUST01452,mid-market,south,64.4,19.27,2,0,0,59,644.01,0,12,0,72
CUST00807,mid-market,south,34.99,24.39,0,0,62,30,349.88,0,10,0,70
CUST01109,enterprise,south,89.36,1.09,0,0,6,9,8935.69,0,12,0,98
CUST00888,mid-market,south,89.74,0.0,1,0,5,59,897.41,0,12,0,93
CUST00184,mid-market,south,20.99,19.52,0,1,4,16,209.91,0,9,1,73
CUST00924,mid-market,north,44.42,4.01,1,0,5,15,444.22,0,12,0,89
CUST01338,mid-market,north,25.26,9.41,1,0,5,25,252.62,0,12,0,85
CUST00741,mid-market,east,36.74,33.21,0,0,38,7,367.4,0,11,0,67
CUST01122,mid-market,west,89.51,0.0,2,0,32,18,895.06,0,11,0,82
CUST00069,small-business,north,84.6,0.0,2,0,30,8,169.19,0,11,0,83
CUST01472,mid-market,south,90.55,0.0,1,0,0,49,905.54,0,12,0,94
CUST01128,enterprise,west,55.86,13.28,1,0,6,28,5585.88,0,12,0,82
CUST00276,enterprise,east,153.76,0.81,0,0,12,56,15376.47,0,12,0,97
CUST00942,mid-market,north,30.49,26.1,0,0,0,12,304.91,0,12,0,79
CUST01251,small-business,south,28.8,38.26,0,0,49,11,57.6,0,11,1,61
CUST00324,mid-market,west,16.39,18.9,0,0,5,21,163.87,0,12,0,84
CUST00005,enterprise,south,81.99,9.47,0,0,5,7,8199.24,0,12,0,91
CUST00064,mid-market,north,59.33,34.75,0,1,3,3,593.27,0,9,1,61
CUST01398,mid-market,east,95.15,0.0,1,0,2,23,951.52,0,12,0,93
CUST00743,enterprise,south,138.71,0.0,0,0,21,53,13870.64,0,12,0,96
CUST01326,mid-market,west,117.52,11.48,1,0,2,41,1175.23,0,12,0,84
CUST01028,mid-market,south,20.14,0.0,0,0,26,11,201.41,0,12,0,95
CUST00202,small-business,south,45.41,32.23,3,1,6,20,90.82,1,9,1,45
CUST00465,small-business,north,11.57,24.25,1,0,21,28,23.14,0,12,0,71
CUST00097,mid-market,south,51.46,11.69,0,1,3,2,514.56,0,9,1,80
CUST00742,small-business,west,55.33,17.87,1,0,17,50,110.65,0,12,0,76
CUST00191,mid-market,west,19.05,14.71,2,0,38,22,190.53,0,11,0,69
CUST00226,small-business,east,56.74,36.23,1,0,27,25,113.48,0,12,1,60
CUST00831,mid-market,south,64.66,7.34,0,0,11,32,646.64,0,12,0,92
CUST00514,mid-market,south,46.5,13.64,1,0,33,40,464.97,0,11,0,77
CUST01040,mid-market,north,21.42,23.21,1,1,51,51,214.23,0,8,1,56
CUST01422,mid-market,east,44.22,24.85,0,0,44,24,442.15,0,11,0,72
CUST01027,mid-market,north,58.91,7.26,1,0,12,32,589.11,0,12,0,86
CUST01209,mid-market,west,57.05,32.41,2,0,93,45,570.46,0,9,1,52
CUST00723,mid-market,south,23.48,0.0,2,0,17,26,234.75,0,12,0,85
CUST01233,mid-market,west,32.89,18.13,0,1,24,42,328.86,0,9,1,71
CUST00662,small-business,north,0.0,34.8,2,0,12,57,0.0,0,12,1,58
CUST00218,small-business,north,31.71,8.9,3,0,2,30,63.42,1,12,0,74
CUST00812,mid-market,west,0.0,9.48,0,0,34,59,0.0,0,11,0,86
CUST00079,enterprise,south,92.53,9.72,0,0,14,21,9253.11,0,12,0,89
CUST00750,small-business,east,81.49,0.0,1,0,1,6,162.97,0,12,0,93
CUST01023,mid-market,north,49.12,27.75,1,0,8,1,491.24,0,12,0,70
CUST00695,enterprise,west,76.54,12.4,0,0,8,55,7653.99,0,12,0,88
CUST01406,mid-market,north,72.79,11.6,1,0,2,52,727.94,0,12,0,84
CUST00450,small-business,west,33.81,6.5,1,0,64,19,67.62,0,10,0,78
CUST00819,mid-market,west,9.29,22.23,0,1,51,56,92.92,0,8,1,63
CUST01408,small-business,north,42.49,0.0,0,1,8,40,84.98,0,9,0,88
CUST00002,mid-market,north,35.92,25.43,0,0,10,22,359.16,0,12,0,77
CUST00816,mid-market,west,81.17,5.31,2,0,4,15,811.68,0,12,0,83
CUST00214,small-business,north,33.53,9.51,2,1,56,28,67.07,0,8,1,61
CUST01274,mid-market,north,0.0,6.79,2,0,31,38,0.0,0,11,0,77
CUST01237,small-business,north,26.14,15.05,0,0,1,26,52.27,0,12,0,87
CUST00447,mid-market,west,24.07,18.59,2,0,17,9,240.68,0,12,0,70
CUST00404,small-business,west,0.0,35.83,5,0,18,17,0.0,1,12,1,38
CUST01449,enterprise,west,59.8,15.14,0,0,5,14,5979.63,0,12,0,87
CUST00140,small-business,south,16.17,25.55,1,0,9,47,32.34,0,12,0,72
CUST00482,mid-market,east,25.85,35.05,1,0,59,30,258.48,0,11,1,56
CUST00401,mid-market,east,63.44,23.71,0,1,2,35,634.36,0,9,1,70
CUST01439,enterprise,east,96.47,0.0,2,0,1,18,9647.2,0,12,0,87
CUST01247,mid-market,east,31.4,14.14,0,0,26,34,314.01,0,12,0,84
CUST00443,small-business,west,0.0,29.26,1,1,87,26,0.0,0,7,1,50
CUST01264,mid-market,east,31.53,27.63,0,0,2,37,315.29,0,12,0,77
CUST00156,mid-market,north,42.65,11.17,0,1,47,37,426.48,0,8,1,73
CUST00317,mid-market,east,33.94,19.09,2,1,10,51,339.4,0,9,1,61
CUST00892,mid-market,east,67.64,26.2,1,0,3,37,676.36,0,12,0,72
CUST00484,mid-market,east,0.0,0.0,1,0,22,3,0.0,0,12,0,90
CUST00507,enterprise,south,80.21,0.0,0,0,1,52,8021.19,0,12,0,99
CUST01359,enterprise,north,107.04,15.66,0,0,5,3,10704.19,0,12,0,86
CUST00843,small-business,west,0.0,11.57,5,1,100,32,0.0,1,6,1,40
CUST00910,mid-market,west,11.28,18.57,0,0,15,51,112.83,0,12,0,82
CUST00562,mid-market,east,34.94,17.37,0,0,45,39,349.41,0,11,0,78
CUST00956,mid-market,east,107.0,0.0,1,0,6,10,1069.98,0,12,0,93
CUST01221,mid-market,west,78.25,31.76,1,0,4,45,782.51,0,12,0,67
CUST00288,mid-market,west,17.92,0.63,1,0,57,43,179.22,0,11,0,83
CUST00702,enterprise,east,114.64,0.0,0,0,6,6,11464.31,0,12,0,99
CUST00133,mid-market,west,48.87,31.03,2,0,9,40,488.71,0,12,1,61
CUST01293,enterprise,north,113.21,3.21,0,0,2,42,11321.05,0,12,0,97
CUST01017,mid-market,south,27.62,13.38,0,0,9,2,276.22,0,12,0,87
CUST00825,small-business,north,52.02,25.54,3,0,16,53,104.05,1,12,1,58
CUST01492,mid-market,east,76.37,10.54,1,1,3,12,763.7,0,9,1,75
CUST00839,mid-market,north,23.44,21.62,0,1,91,42,234.35,0,6,1,62
CUST00207,small-business,south,16.91,19.73,1,1,43,27,33.83,0,8,1,61
CUST01363,mid-market,north,116.26,13.06,0,1,15,59,1162.56,0,9,1,77
CUST00697,small-business,west,0.0,16.88,1,0,10,14,0.0,0,12,0,78
CUST00605,enterprise,west,96.37,0.0,1,0,4,35,9636.71,0,12,0,93
CUST01305,small-business,west,0.0,11.82,1,0,14,54,0.0,0,12,0,82
CUST00668,mid-market,south,61.46,11.79,1,0,7,58,614.59,0,12,0,83
CUST00283,small-business,north,24.23,2.32,2,0,61,29,48.45,0,10,0,76
CUST00767,mid-market,west,52.14,0.0,2,0,21,20,521.4,0,12,0,84
CUST01065,small-business,south,0.0,0.0,2,0,20,16,0.0,0,12,0,84
CUST01055,small-business,west,0.0,38.9,3,0,63,37,0.0,1,10,1,40
CUST00302,mid-market,south,13.14,22.13,1,1,5,38,131.36,0,9,1,65
CUST00577,small-business,north,0.0,28.57,1,0,61,37,0.0,0,10,1,61
CUST00736,mid-market,east,0.0,15.29,1,1,76,7,0.0,0,7,1,61
CUST00996,mid-market,north,44.48,1.78,0,0,36,37,444.81,0,11,0,92
CUST00906,enterprise,east,72.96,26.03,0,0,9,50,7295.51,0,12,0,77
CUST01048,mid-market,west,63.27,20.45,0,0,34,28,632.7,0,11,0,77
CUST00955,small-business,north,0.0,29.26,0,0,76,17,0.0,0,10,0,66
CUST00195,mid-market,south,1.01,14.27,2,0,29,15,10.11,0,12,0,71
CUST00536,enterprise,north,34.17,20.93,1,0,34,17,3417.26,0,11,0,71
CUST00991,enterprise,west,89.35,0.0,0,0,0,26,8934.65,0,12,0,100
CUST01285,small-business,north,0.0,23.13,0,0,0,50,0.0,0,12,0,81
CUST00642,mid-market,east,51.57,24.91,1,0,5,20,515.7,0,12,0,73
CUST01288,mid-market,west,53.22,15.69,1,0,27,6,532.25,0,12,0,76
CUST01061,enterprise,west,71.93,22.63,0,0,2,25,7192.66,0,12,0,81
CUST00575,mid-market,east,51.19,8.95,0,0,15,43,511.88,0,12,0,90
CUST00153,enterprise,south,177.93,0.0,0,0,0,39,17793.11,0,12,0,100
CUST00728,enterprise,south,163.37,13.97,0,0,0,7,16337.04,0,12,0,88
CUST00095,enterprise,east,141.87,0.0,0,0,43,37,14187.2,0,11,0,92
CUST00382,mid-market,west,0.0,33.39,1,1,39,22,0.0,0,8,1,50
CUST00454,enterprise,west,124.92,0.0,0,0,10,37,12492.13,0,12,0,98
CUST01105,mid-market,west,124.77,0.0,0,1,11,23,1247.66,0,9,0,88
CUST00780,small-business,south,19.83,31.79,1,0,35,18,39.67,0,11,1,62
CUST01260,mid-market,west,44.17,10.03,0,0,9,15,441.73,0,12,0,90
CUST00898,small-business,north,0.0,12.89,1,2,1,58,0.0,0,6,1,63
CUST01446,mid-market,south,56.38,9.95,1,1,28,35,563.78,0,9,0,71
CUST00341,mid-market,east,14.19,29.19,0,0,17,34,141.91,0,12,0,73
CUST01136,mid-market,west,11.66,27.45,1,0,25,55,116.65,0,12,0,67
CUST00500,mid-market,west,10.38,42.36,1,0,0,59,103.75,0,12,1,60
CUST01283,small-business,south,0.0,6.34,0,0,5,56,0.0,0,12,0,94
CUST00664,mid-market,south,24.99,26.74,0,0,11,9,249.91,0,12,0,76
CUST00279,mid-market,west,37.05,11.14,0,0,7,59,370.46,0,12,0,89
CUST00502,enterprise,east,113.34,10.41,0,0,0,43,11333.86,0,12,0,91
CUST00544,mid-market,south,59.58,21.29,0,0,30,24,595.82,0,11,0,77
CUST00271,small-business,north,70.1,23.95,1,0,15,52,140.19,0,12,0,72
CUST01450,mid-market,south,62.31,18.29,0,0,14,22,623.12,0,12,0,83
CUST00141,mid-market,south,68.23,4.81,0,0,9,34,682.27,0,12,0,94
CUST00581,mid-market,west,65.7,16.74,1,0,5,6,657.02,0,12,0,79
CUST01206,mid-market,east,92.93,0.0,1,0,5,30,929.35,0,12,0,93
CUST00626,mid-market,north,96.25,0.0,1,0,54,30,962.5,0,11,0,85
CUST00814,mid-market,east,54.24,13.36,2,0,88,50,542.41,0,10,0,67
CUST00308,mid-market,east,58.58,15.71,3,0,51,12,585.8,1,11,1,60
CUST01471,enterprise,south,88.68,13.45,0,0,23,57,8867.84,0,12,0,85
CUST00740,mid-market,west,28.55,13.9,1,0,25,11,285.48,0,12,0,78
CUST01007,mid-market,north,38.8,15.0,1,0,19,8,387.99,0,12,0,78
CUST00046,mid-market,north,10.2,38.44,0,0,42,57,101.95,0,11,1,62
CUST01062,enterprise,east,60.37,15.6,0,0,10,31,6036.92,0,12,0,85
CUST01228,mid-market,north,15.21,17.45,0,0,0,9,152.11,0,12,0,86
CUST01261,mid-market,north,50.75,13.27,1,0,3,47,507.49,0,12,0,82
CUST01164,mid-market,east,22.22,18.86,1,1,4,57,222.23,0,9,1,68
CUST00850,small-business,east,32.65,33.1,2,0,16,21,65.31,0,12,1,58
CUST01201,mid-market,west,46.76,31.12,2,0,46,4,467.56,0,11,1,55
CUST00193,mid-market,south,82.73,0.0,2,0,4,20,827.31,0,12,0,87
CUST01018,mid-market,east,72.51,11.5,0,1,12,55,725.08,0,9,1,78
CUST00480,enterprise,north,65.53,3.9,0,0,9,21,6552.54,0,12,0,95
CUST01430,small-business,west,0.0,16.8,1,0,21,19,0.0,0,12,0,77
CUST01469,small-business,east,69.59,40.78,0,0,25,44,139.17,0,12,1,63
CUST00473,small-business,east,0.0,17.97,3,0,48,51,0.0,1,11,1,59
CUST00243,mid-market,south,26.01,23.52,1,0,2,12,260.14,0,12,0,74
CUST01098,enterprise,west,97.04,18.81,0,0,17,33,9704.48,0,12,0,82
CUST00735,small-business,east,44.51,25.95,1,0,21,48,89.01,0,12,0,69
CUST00329,mid-market,north,4.86,27.6,0,0,0,46,48.58,0,12,0,77
CUST01362,mid-market,east,68.95,16.9,2,0,0,56,689.51,0,12,0,74
CUST00352,mid-market,east,69.05,14.91,1,0,81,13,690.47,0,10,0,72
CUST00385,small-business,west,0.0,21.19,1,0,12,22,0.0,0,12,0,75
CUST00082,mid-market,north,79.45,23.31,1,1,6,20,794.46,0,9,1,64
CUST00337,mid-market,west,86.79,11.57,0,0,0,18,867.92,0,12,0,90
CUST00599,mid-market,west,22.86,31.73,1,0,4,44,228.62,0,12,0,67
CUST00601,mid-market,west,69.09,16.73,0,0,8,46,690.91,0,12,0,85
CUST00829,enterprise,west,43.63,29.31,1,0,78,13,4362.71,0,10,1,60
CUST00497,small-business,west,0.0,6.42,2,1,21,32,0.0,0,9,0,69
CUST00468,mid-market,east,27.28,26.48,0,0,25,29,272.81,0,12,0,74
CUST00594,mid-market,west,95.88,0.0,2,0,16,2,958.81,0,12,0,85
CUST01120,mid-market,east,75.11,16.46,1,0,8,24,751.09,0,12,0,79
CUST01049,small-business,west,15.13,19.75,1,0,12,57,30.26,0,12,0,76
CUST00875,enterprise,west,114.24,14.67,0,0,1,53,11423.9,0,12,0,88
CUST00294,mid-market,west,61.38,38.12,0,0,6,21,613.84,0,12,0,68
CUST00206,mid-market,south,21.85,26.44,2,0,17,5,218.46,0,12,1,64
CUST00774,small-business,west,27.31,9.1,1,0,201,3,54.62,0,6,0,76
CUST00291,small-business,north,0.0,14.71,2,0,6,24,0.0,0,12,0,75
CUST01066,enterprise,north,71.17,25.3,0,0,2,28,7117.33,0,12,0,79
CUST00732,small-business,west,94.55,12.53,1,0,9,4,189.1,0,12,0,82
CUST00515,small-business,north,0.0,25.89,0,0,24,32,0.0,0,12,0,75
CUST01002,mid-market,south,12.94,35.23,2,0,50,48,129.39,0,11,1,51
CUST01373,small-business,south,56.87,24.61,2,0,3,40,113.73,0,12,0,67
CUST00934,enterprise,west,48.0,22.21,0,0,0,39,4799.59,0,12,0,82
CUST00196,mid-market,east,72.48,12.83,0,0,10,14,724.79,0,12,0,88
CUST00792,enterprise,east,148.2,0.0,0,0,3,3,14819.64,0,12,0,99
CUST01392,mid-market,west,49.15,33.64,0,0,36,24,491.53,0,11,0,67
CUST01445,mid-market,east,50.85,20.49,1,0,14,23,508.55,0,12,0,75
CUST01195,mid-market,north,38.94,28.07,2,0,2,21,389.41,0,12,0,65
CUST00607,enterprise,north,122.35,14.39,0,0,3,52,12235.09,0,12,0,87
CUST01334,mid-market,west,0.0,31.09,0,0,3,20,0.0,0,12,0,74
CUST00877,mid-market,south,67.54,16.3,0,0,1,13,675.4,0,12,0,86
CUST00165,enterprise,east,0.0,11.3,0,0,12,34,0.0,0,12,0,88
CUST00151,mid-market,west,55.26,33.89,2,0,62,2,552.63,0,10,1,50
CUST00685,small-business,north,32.94,28.78,0,0,1,4,65.89,0,12,0,76
CUST01463,small-business,west,0.0,27.23,1,0,5,17,0.0,0,12,0,71
CUST00907,small-business,north,21.46,0.0,1,0,14,58,42.92,0,12,0,91
CUST00615,mid-market,south,70.37,18.63,0,0,8,47,703.68,0,12,0,83
CUST00423,small-business,west,74.06,23.83,0,1,8,11,148.13,0,9,1,69
CUST00864,small-business,east,0.0,12.11,3,0,8,54,0.0,1,12,0,70
CUST00365,mid-market,west,67.54,24.5,1,0,0,4,675.35,0,12,0,74
CUST01244,small-business,east,49.29,8.68,1,0,15,46,98.59,0,12,0,84
CUST00611,mid-market,south,49.93,14.11,1,0,28,1,499.28,0,12,0,78
CUST00534,mid-market,west,28.44,27.45,0,0,97,40,284.35,0,9,0,68
CUST00759,mid-market,north,16.62,19.67,0,0,77,52,166.21,0,10,0,74
CUST00448,mid-market,west,57.92,4.76,2,0,51,47,579.16,0,11,0,75
CUST00995,mid-market,north,50.12,25.92,0,0,12,8,501.19,0,12,0,77
CUST00609,mid-market,west,48.38,10.18,1,0,1,39,483.83,0,12,0,85
CUST00334,mid-market,south,14.54,28.35,1,0,92,5,145.42,0,9,1,61
CUST00733,mid-market,south,20.02,22.2,0,0,6,51,200.24,0,12,0,81
CUST01064,enterprise,west,100.88,0.0,1,0,1,35,10088.31,0,12,0,93
CUST01004,mid-market,east,70.69,24.23,1,0,0,49,706.87,0,12,0,74
CUST00722,enterprise,east,89.77,0.0,0,0,0,20,8977.25,0,12,0,100
CUST00036,small-business,west,26.42,7.54,3,0,138,2,52.85,1,8,0,65
CUST01322,enterprise,north,81.95,5.44,0,0,10,44,8195.49,0,12,0,93
CUST00478,small-business,east,23.12,14.21,2,0,33,52,46.24,0,11,0,71
CUST00104,enterprise,west,111.13,0.0,1,0,13,22,11113.44,0,12,0,91
CUST00083,enterprise,north,111.52,0.0,0,0,10,48,11152.2,0,12,0,98
CUST01436,mid-market,south,82.58,0.0,0,0,0,56,825.79,0,12,0,100
CUST00549,small-business,west,22.16,17.88,1,0,25,54,44.32,0,12,0,75
CUST00089,mid-market,west,68.43,27.58,0,0,4,22,684.25,0,12,0,77
CUST00538,enterprise,east,100.57,2.3,2,0,1,47,10057.46,0,12,0,85
CUST00653,mid-market,east,59.93,34.51,0,0,25,31,599.26,0,12,0,68
CUST00776,small-business,east,0.0,8.74,0,0,101,23,0.0,0,9,0,83
CUST00576,mid-market,east,32.28,26.55,0,0,79,16,322.75,0,10,0,68
CUST01157,mid-market,south,78.76,31.28,0,1,8,56,787.64,0,9,1,63
CUST00979,mid-market,west,19.83,10.24,0,0,10,41,198.34,0,12,0,90
CUST01461,small-business,south,0.0,30.71,1,1,100,10,0.0,0,6,1,49
CUST01442,mid-market,north,111.63,1.48,0,0,1,20,1116.26,0,12,0,98
CUST00483,enterprise,south,100.47,9.02,0,0,11,12,10046.86,0,12,0,90
CUST01034,mid-market,east,53.26,18.29,0,0,5,18,532.59,0,12,0,84
CUST00708,mid-market,south,66.18,22.17,2,0,2,33,661.84,0,12,0,69
CUST00119,mid-market,south,45.26,15.73,1,0,15,25,452.6,0,12,0,78
CUST01309,mid-market,east,65.62,18.32,1,0,28,24,656.19,0,12,0,74
CUST00672,mid-market,west,137.62,0.0,3,1,1,6,1376.23,1,9,0,71
CUST00865,mid-market,north,43.89,26.47,0,0,10,24,438.85,0,12,0,77
CUST00229,mid-market,east,16.98,12.89,0,0,21,2,169.77,0,12,0,86
CUST01269,mid-market,south,62.97,12.83,0,0,1,47,629.71,0,12,0,89
CUST01043,mid-market,west,54.9,27.45,0,0,27,35,549.03,0,12,0,73
CUST00727,enterprise,west,89.52,0.0,0,0,5,7,8951.68,0,12,0,99
CUST01225,mid-market,east,80.48,6.76,0,0,34,17,804.76,0,11,0,88
CUST00926,mid-market,west,71.47,43.94,0,0,6,38,714.72,0,12,1,63
CUST01151,small-business,south,22.2,29.69,2,0,63,29,44.4,0,10,1,54
CUST00714,enterprise,north,114.19,0.0,0,1,2,11,11418.75,0,9,0,89
CUST00852,enterprise,north,62.4,20.22,1,0,5,15,6239.63,0,12,0,76
CUST00200,mid-market,west,26.99,12.4,1,0,17,12,269.91,0,12,0,81
CUST01051,enterprise,west,148.48,8.26,1,0,7,1,14847.98,0,12,0,86
CUST00074,mid-market,west,60.22,19.86,0,0,4,59,602.18,0,12,0,83
CUST00552,small-business,east,52.48,15.29,2,0,49,17,104.96,0,11,0,67
CUST00815,mid-market,east,57.86,0.5,0,1,13,10,578.62,0,9,0,87
CUST00124,mid-market,east,36.56,0.0,1,0,26,1,365.59,0,12,0,89
CUST01441,enterprise,south,95.47,0.0,0,0,6,57,9547.14,0,12,0,99
CUST00567,enterprise,east,131.25,5.84,1,0,3,59,13125.17,0,12,0,88
CUST01188,mid-market,west,68.4,23.85,0,0,22,1,683.95,0,12,0,77
CUST01438,mid-market,west,41.77,25.73,1,0,30,27,417.69,0,11,0,68
CUST00522,mid-market,north,40.86,27.39,1,0,134,41,408.56,0,8,1,62
CUST00225,mid-market,south,36.59,14.14,1,0,5,37,365.86,0,12,0,81
CUST01111,small-business,east,22.24,30.26,3,0,1,3,44.47,1,12,1,57
CUST00159,mid-market,north,34.47,14.01,0,0,12,5,344.74,0,12,0,86
CUST01440,mid-market,west,47.95,10.18,2,1,1,56,479.51,0,9,1,69
CUST01468,enterprise,south,69.17,18.37,0,0,17,46,6916.97,0,12,0,82
CUST00221,small-business,west,15.68,27.96,0,1,14,45,31.37,0,9,1,65
CUST00163,small-business,south,36.3,30.84,1,0,13,8,72.61,0,12,0,67
CUST00878,mid-market,west,32.27,22.88,0,0,43,18,322.73,0,11,0,74
CUST00434,mid-market,east,46.63,27.03,2,0,2,41,466.33,0,12,0,66
CUST01198,mid-market,east,34.5,9.77,0,0,19,18,345.02,0,12,0,89
CUST00636,mid-market,east,81.67,27.51,1,0,1,7,816.66,0,12,0,71
CUST00988,mid-market,east,87.63,3.96,3,0,0,32,876.29,1,12,0,78
CUST01011,enterprise,west,136.24,0.0,0,0,17,54,13623.98,0,12,0,97
CUST00842,mid-market,north,44.97,21.89,0,0,73,20,449.73,0,10,0,72
CUST01491,mid-market,north,82.28,0.0,1,0,2,15,822.83,0,12,0,93
CUST01191,enterprise,west,47.66,10.78,0,0,26,35,4766.31,0,12,0,87
CUST00388,small-business,east,11.93,35.65,1,0,58,54,23.86,0,11,1,55
CUST00948,mid-market,east,62.22,20.16,2,0,13,1,622.24,0,12,0,69
CUST00147,small-business,north,44.55,21.34,0,0,10,48,89.11,0,12,0,81
CUST00173,mid-market,south,33.23,23.77,1,0,11,15,332.32,0,12,0,73
CUST01218,enterprise,west,118.69,18.1,1,0,11,24,11868.8,0,12,0,77
CUST00009,small-business,north,34.2,26.59,3,0,10,45,68.39,1,12,1,59
CUST01135,mid-market,west,6.44,15.1,1,0,55,51,64.43,0,11,0,72
CUST00726,mid-market,south,73.5,24.43,0,0,27,46,735.05,0,12,0,75
CUST00630,mid-market,north,8.78,17.31,0,0,2,2,87.8,0,12,0,85
CUST00513,mid-market,south,53.49,18.99,0,1,15,55,534.93,0,9,1,72
CUST00791,small-business,north,42.8,35.29,0,0,1,38,85.6,0,12,0,71
CUST01146,small-business,west,85.39,0.0,0,0,35,54,170.77,0,11,0,94
CUST01001,mid-market,east,62.56,23.6,1,1,2,35,625.57,0,9,1,64
CUST01419,small-business,south,0.0,17.94,1,0,1,50,0.0,0,12,0,79
CUST00296,small-business,south,38.57,40.57,0,0,49,10,77.15,0,11,1,59
CUST00035,mid-market,north,46.28,27.4,3,0,57,3,462.76,1,11,1,50
CUST01220,mid-market,west,74.99,13.7,1,0,7,16,749.95,0,12,0,81
CUST01234,enterprise,south,142.17,4.84,1,0,10,56,14217.14,0,12,0,88
CUST01162,small-business,north,0.0,27.17,0,1,3,18,0.0,0,9,1,67
CUST00640,small-business,south,0.0,25.02,0,0,43,9,0.0,0,11,0,72
CUST00169,mid-market,north,55.73,20.46,1,0,23,35,557.33,0,12,0,73
CUST01273,enterprise,south,80.85,0.0,1,0,21,10,8085.09,0,12,0,90
CUST00389,mid-market,west,42.87,21.92,0,0,10,33,428.69,0,12,0,80
CUST00481,mid-market,east,73.52,23.11,1,0,6,13,735.24,0,12,0,74
CUST01080,mid-market,west,0.45,15.53,3,0,7,19,4.52,1,12,0,68
CUST00438,mid-market,west,62.15,19.58,0,0,38,41,621.47,0,11,0,78
CUST00344,enterprise,west,95.37,4.31,0,0,0,47,9536.6,0,12,0,96
CUST00990,small-business,north,33.9,18.12,1,0,33,43,67.79,0,11,0,74
CUST00822,small-business,east,58.03,22.89,1,0,9,26,116.06,0,12,0,74
CUST00893,mid-market,east,58.55,17.76,0,0,29,52,585.48,0,12,0,80
CUST00679,small-business,north,2.21,23.15,3,1,38,23,4.42,1,8,1,47
CUST01488,small-business,south,2.4,19.96,1,0,48,48,4.81,0,11,0,70
CUST00355,mid-market,east,57.61,24.68,2,0,3,17,576.12,0,12,0,67
CUST00649,small-business,east,0.0,17.16,0,1,63,40,0.0,0,7,1,66
CUST01187,mid-market,south,26.34,33.73,0,0,115,21,263.39,0,9,1,63
CUST01091,small-business,east,20.03,4.56,3,0,15,25,40.07,1,12,0,75
CUST00290,mid-market,south,60.54,36.9,0,1,4,26,605.39,0,9,1,59
CUST00941,small-business,east,0.0,15.64,1,0,0,42,0.0,0,12,0,81
CUST01470,small-business,east,0.98,18.08,5,0,20,24,1.97,1,12,1,52
CUST00663,mid-market,north,46.78,29.99,1,0,80,42,467.79,0,10,1,60
CUST00060,mid-market,north,84.74,7.92,2,0,0,31,847.43,0,12,0,81
CUST00836,mid-market,north,48.41,14.49,2,1,5,52,484.07,0,9,1,65
CUST01202,mid-market,east,49.34,27.07,1,0,24,27,493.44,0,12,0,68
CUST01431,mid-market,west,13.48,22.96,0,0,16,11,134.77,0,12,0,78
CUST01173,mid-market,north,20.89,37.28,0,0,8,16,208.88,0,12,0,68
CUST00414,mid-market,north,24.2,9.7,1,0,13,58,242.0,0,12,0,84
CUST00007,mid-market,west,56.27,0.4,1,1,44,34,562.66,0,8,0,76
CUST00131,small-business,north,29.78,7.49,3,0,14,23,59.57,1,12,0,73
CUST00606,small-business,east,0.0,23.46,1,1,16,19,0.0,0,9,1,62
CUST00264,mid-market,south,56.32,25.12,1,1,33,30,563.17,0,8,1,58
CUST00237,enterprise,west,76.42,6.69,0,0,8,11,7642.03,0,12,0,93
CUST01376,small-business,south,21.06,23.75,1,0,1,3,42.13,0,12,0,74
CUST00354,enterprise,east,79.18,24.55,1,0,1,27,7918.4,0,12,0,74
CUST00215,small-business,south,0.0,3.55,2,0,50,50,0.0,0,11,0,76
CUST00821,mid-market,east,42.77,22.87,0,1,15,29,427.71,0,9,1,69
CUST00248,small-business,north,0.0,12.98,0,0,56,50,0.0,0,11,0,80
CUST00431,mid-market,east,20.11,17.2,1,0,10,56,201.08,0,12,0,78
CUST00692,mid-market,north,51.12,15.0,0,0,11,7,511.19,0,12,0,86
CUST00696,mid-market,south,31.47,7.53,0,1,49,51,314.7,0,8,0,75
CUST00284,mid-market,east,7.99,0.0,0,1,36,26,79.94,0,8,0,84
CUST00400,small-business,west,0.0,21.92,2,0,68,44,0.0,0,10,1,60
CUST00364,mid-market,south,46.29,16.44,1,0,82,9,462.88,0,10,0,70
CUST01399,mid-market,south,68.52,20.15,1,1,4,53,685.18,0,9,1,67
CUST00422,mid-market,east,8.7,15.36,1,0,14,55,86.98,0,12,0,79
CUST00671,mid-market,south,35.09,18.17,1,0,11,52,350.92,0,12,0,77
CUST00301,enterprise,west,131.49,0.0,0,0,7,20,13148.96,0,12,0,98
CUST00245,mid-market,north,0.31,32.56,0,0,6,25,3.07,0,12,0,72
CUST00677,small-business,south,9.48,30.5,0,1,23,50,18.96,0,9,1,61
CUST01381,small-business,west,80.8,0.0,1,0,2,32,161.6,0,12,0,93
CUST01400,enterprise,north,115.97,0.0,0,0,2,59,11597.39,0,12,0,99
CUST00911,mid-market,south,47.83,30.26,1,0,69,12,478.28,0,10,1,59
CUST00583,mid-market,south,64.45,13.04,0,0,3,34,644.54,0,12,0,89
CUST00145,small-business,north,36.79,30.81,2,0,7,26,73.59,0,12,1,62
CUST00683,mid-market,south,58.43,0.0,0,1,21,25,584.3,0,9,0,86
CUST00976,enterprise,south,137.47,9.84,0,0,5,48,13747.0,0,12,0,91
CUST00967,mid-market,east,31.85,27.34,0,0,58,24,318.48,0,11,0,68
CUST00469,mid-market,east,19.58,20.86,1,0,4,26,195.83,0,12,0,76
CUST00943,mid-market,east,11.69,29.49,1,0,76,24,116.94,0,10,1,60
CUST00901,mid-market,east,36.02,60.53,0,0,8,32,360.21,0,12,1,50
CUST01031,small-business,south,0.0,26.87,0,0,8,48,0.0,0,12,0,77
CUST01029,small-business,north,0.0,29.48,0,0,77,28,0.0,0,10,0,66
CUST00811,enterprise,east,72.98,10.36,1,0,12,21,7297.99,0,12,0,83
CUST01211,mid-market,west,73.02,19.98,1,0,2,7,730.24,0,12,0,77
CUST00570,enterprise,south,74.79,17.75,0,0,9,34,7478.59,0,12,0,84
CUST00752,mid-market,north,85.08,0.0,0,1,4,4,850.82,0,9,0,89
CUST01158,small-business,west,28.18,13.61,0,0,55,36,56.35,0,11,0,79
CUST00100,mid-market,north,69.22,11.85,1,0,0,11,692.17,0,12,0,84
CUST00516,mid-market,south,41.63,28.45,0,0,40,12,416.33,0,11,0,70
CUST00231,mid-market,north,14.82,7.67,2,0,39,30,148.22,0,11,0,75
CUST00518,small-business,north,47.76,20.32,4,1,15,39,95.52,1,9,1,47
CUST00032,enterprise,west,109.48,0.59,0,0,5,21,10947.67,0,12,0,98
CUST01384,mid-market,north,9.77,28.5,1,1,54,49,97.69,0,8,1,52
CUST01485,small-business,west,21.26,46.37,1,0,34,33,42.51,0,11,1,51
CUST01016,mid-market,west,93.38,0.0,0,0,18,55,933.81,0,12,0,97
CUST01493,enterprise,north,115.62,0.0,0,0,28,24,11561.87,0,12,0,95
CUST01093,mid-market,west,28.5,28.1,3,0,18,31,285.03,1,12,1,56
CUST00228,mid-market,east,0.53,30.46,2,0,27,9,5.28,0,12,1,59
CUST01369,small-business,east,48.44,16.94,2,0,39,4,96.89,0,11,0,67
CUST00788,enterprise,west,121.63,0.0,0,0,3,48,12163.28,0,12,0,99
CUST00720,mid-market,north,85.81,0.0,2,0,18,1,858.09,0,12,0,85
CUST01302,small-business,west,0.0,26.2,1,0,8,27,0.0,0,12,0,71
CUST00644,small-business,east,80.31,0.0,2,0,32,45,160.63,0,11,0,82
CUST00785,mid-market,east,82.26,2.11,0,0,20,54,822.6,0,12,0,94
CUST00603,mid-market,west,36.91,0.0,0,0,53,54,369.09,0,11,0,91
CUST01444,mid-market,west,58.92,15.35,0,0,111,2,589.17,0,9,0,77
CUST00763,mid-market,east,99.86,0.53,0,0,19,49,998.62,0,12,0,96
CUST00498,small-business,east,78.62,14.94,3,0,11,25,157.25,1,12,0,68
CUST00590,enterprise,east,69.81,16.56,0,0,28,33,6981.19,0,12,0,82
CUST01255,mid-market,east,26.37,11.28,1,0,2,40,263.73,0,12,0,84
CUST01296,mid-market,south,3.4,26.66,0,0,24,36,34.02,0,12,0,74
CUST00410,small-business,west,0.0,36.1,4,1,41,5,0.0,1,8,1,30
CUST01360,mid-market,west,65.41,2.33,0,0,5,49,654.09,0,12,0,97
CUST00930,mid-market,west,53.88,0.14,1,0,58,17,538.84,0,11,0,84
CUST00487,small-business,east,0.0,25.82,0,0,13,28,0.0,0,12,0,77
CUST00413,mid-market,south,44.33,29.22,1,0,6,29,443.26,0,12,0,69
CUST00437,enterprise,north,91.17,0.0,0,0,39,26,9117.21,0,11,0,93
CUST00157,mid-market,north,45.03,11.74,2,0,5,52,450.28,0,12,0,77
CUST00479,enterprise,west,112.29,0.0,0,0,1,9,11229.29,0,12,0,99
CUST00016,mid-market,north,71.15,23.61,1,0,6,44,711.49,0,12,0,74
CUST00508,mid-market,north,86.96,0.0,1,0,0,23,869.6,0,12,0,94
CUST00116,enterprise,north,81.92,13.02,0,0,1,41,8192.06,0,12,0,89
CUST00598,enterprise,north,92.96,1.44,1,0,5,14,9296.02,0,12,0,92
CUST01076,enterprise,west,73.29,26.28,0,0,5,51,7328.87,0,12,0,78
CUST01337,small-business,north,0.0,13.58,0,0,1,23,0.0,0,12,0,88
CUST00335,small-business,west,24.35,13.85,1,0,18,18,48.69,0,12,0,79
CUST00773,mid-market,south,48.02,34.96,1,1,1,38,480.18,0,9,1,55
CUST01100,mid-market,west,72.93,11.25,0,0,15,31,729.32,0,12,0,88
CUST00960,enterprise,west,88.99,0.0,0,0,5,36,8898.52,0,12,0,99
CUST01134,mid-market,south,50.98,14.63,1,1,54,14,509.8,0,8,1,63
CUST00146,enterprise,west,104.35,0.0,0,0,73,26,10434.81,0,10,0,90
CUST01345,small-business,east,11.86,15.36,2,0,4,26,23.72,0,12,0,75
CUST00000,mid-market,north,64.9,18.62,1,0,1,11,649.01,0,12,0,78
CUST00262,small-business,south,0.0,19.33,3,0,1,17,0.0,1,12,0,66
CUST00411,enterprise,west,87.79,6.86,1,0,8,35,8778.89,0,12,0,87
CUST00394,mid-market,east,55.63,4.06,1,0,45,17,556.34,0,11,0,83
CUST00123,small-business,south,97.2,0.59,0,0,2,19,194.4,0,12,0,99
CUST00071,small-business,south,50.98,1.9,0,1,128,54,101.96,0,5,0,78
CUST00415,enterprise,east,100.33,7.1,0,0,18,36,10033.42,0,12,0,91
CUST00166,small-business,west,53.11,21.33,3,0,5,13,106.22,1,12,1,64
CUST00266,mid-market,south,11.19,22.34,0,0,41,25,111.93,0,11,0,75
CUST01397,small-business,east,57.94,24.3,1,0,2,23,115.88,0,12,0,74
CUST01063,mid-market,east,59.24,6.97,0,1,85,53,592.4,0,7,0,74
CUST01267,small-business,west,0.0,15.93,2,0,19,53,0.0,0,12,0,72
CUST01349,mid-market,north,31.49,8.9,2,0,37,57,314.88,0,11,0,74
CUST00801,mid-market,east,75.82,1.96,2,0,0,11,758.22,0,12,0,86
CUST00461,mid-market,south,81.95,0.0,1,1,11,17,819.46,0,9,0,82
CUST01263,small-business,west,7.66,25.41,1,0,0,21,15.31,0,12,0,73
CUST00871,small-business,west,46.07,9.55,0,0,27,58,92.15,0,12,0,87
CUST00784,small-business,north,11.09,16.63,0,0,55,32,22.17,0,11,0,77
CUST00043,small-business,west,0.0,21.86,1,0,2,37,0.0,0,12,0,76
CUST01153,small-business,north,21.09,29.11,0,1,42,42,42.19,0,8,1,59
CUST00866,mid-market,north,41.18,22.71,0,0,28,1,411.77,0,12,0,77
CUST01236,mid-market,east,47.77,26.02,0,0,9,50,477.66,0,12,0,77
CUST00307,mid-market,east,55.83,16.47,0,1,51,50,558.32,0,8,1,68
CUST00129,enterprise,south,89.48,0.0,0,0,19,43,8947.96,0,12,0,96
CUST00470,small-business,east,0.0,20.32,5,1,33,3,0.0,1,8,1,38
CUST00755,small-business,south,0.0,34.21,2,0,43,51,0.0,0,11,1,53
CUST01217,small-business,west,3.98,22.11,1,0,9,44,7.95,0,12,0,74
CUST01113,enterprise,east,66.24,9.06,1,0,2,36,6624.21,0,12,0,86
CUST00188,small-business,east,26.32,28.8,2,1,88,28,52.63,0,7,1,44
CUST00232,enterprise,south,126.05,0.0,0,1,10,47,12605.33,0,9,0,88
CUST00039,mid-market,west,56.97,21.76,0,0,2,23,569.69,0,12,0,82
CUST00584,small-business,north,18.35,15.34,1,0,13,35,36.7,0,12,0,79
CUST00999,enterprise,east,128.92,0.0,0,0,3,30,12891.72,0,12,0,99
CUST00624,mid-market,east,64.65,43.62,0,0,6,30,646.55,0,12,1,64
CUST00572,enterprise,north,95.82,7.4,0,0,8,18,9581.81,0,12,0,92
CUST00844,enterprise,east,104.81,17.29,0,0,2,30,10480.95,0,12,0,85
CUST00233,mid-market,south,55.08,5.86,0,0,42,17,550.81,0,11,0,88
CUST00108,mid-market,west,0.0,34.32,0,0,35,52,0.0,0,11,0,66
CUST00938,mid-market,south,71.18,31.91,3,1,7,40,711.84,1,9,1,45
CUST00824,small-business,south,0.0,24.66,0,1,25,6,0.0,0,9,1,66
CUST01133,mid-market,south,71.34,0.78,0,0,5,4,713.36,0,12,0,98
CUST00421,mid-market,west,85.82,0.0,1,0,23,54,858.23,0,12,0,90
CUST01344,enterprise,south,153.5,22.73,0,0,23,6,15349.81,0,12,0,77
CUST01142,small-business,east,0.0,16.9,2,0,56,38,0.0,0,11,0,65
CUST01342,mid-market,east,37.34,20.36,0,0,85,48,373.38,0,10,0,73
CUST01297,mid-market,south,90.94,10.59,0,0,14,56,909.37,0,12,0,89
CUST00333,enterprise,west,88.03,0.0,0,0,5,8,8802.66,0,12,0,99
CUST01328,enterprise,south,96.53,12.69,0,0,6,6,9653.38,0,12,0,88
CUST01081,mid-market,east,36.28,21.1,2,0,53,39,362.77,0,11,1,62
CUST00734,mid-market,north,36.53,19.88,0,0,9,53,365.3,0,12,0,82
CUST00966,mid-market,north,36.24,17.91,1,0,9,24,362.39,0,12,0,78
CUST00863,mid-market,west,44.64,1.54,1,0,3,41,446.4,0,12,0,92
CUST00084,mid-market,north,64.55,0.0,1,0,11,4,645.53,0,12,0,92
CUST00327,mid-market,west,46.83,18.16,0,0,1,8,468.34,0,12,0,85
CUST01417,small-business,south,12.58,23.33,3,0,12,57,25.16,1,12,1,61
CUST00616,mid-market,south,82.0,0.0,1,0,0,28,820.0,0,12,0,94
CUST00204,mid-market,east,101.47,7.72,0,0,11,34,1014.73,0,12,0,91
CUST00634,mid-market,west,24.23,28.14,1,1,91,3,242.29,0,6,1,51
CUST00489,enterprise,north,83.86,0.67,0,0,22,59,8385.89,0,12,0,95
CUST00111,mid-market,north,81.13,0.0,0,1,1,56,811.26,0,9,0,89
CUST00150,enterprise,west,106.66,0.0,0,0,0,15,10666.4,0,12,0,100
CUST00840,enterprise,west,73.41,28.51,0,0,24,50,7340.87,0,12,0,73
CUST00092,mid-market,west,23.86,17.73,1,0,55,22,238.63,0,11,0,70
CUST01357,mid-market,west,73.92,34.96,0,1,16,45,739.24,0,9,1,59
CUST01481,small-business,east,22.72,2.82,2,1,26,19,45.45,0,9,0,71
CUST00247,small-business,west,29.07,13.72,0,0,171,17,58.15,0,7,0,79
CUST01454,small-business,south,0.35,9.88,4,0,29,43,0.71,1,12,1,63
CUST00739,mid-market,south,39.72,2.34,1,0,18,12,397.23,0,12,0,89
CUST00913,mid-market,north,67.33,33.03,2,0,7,1,673.27,0,12,1,60
CUST01455,mid-market,west,9.97,25.95,0,0,126,16,99.66,0,8,0,69
CUST01332,mid-market,west,34.69,0.9,0,0,30,42,346.94,0,11,0,94
CUST00420,enterprise,east,124.36,13.38,0,0,9,30,12435.82,0,12,0,87
CUST01166,mid-market,west,46.54,4.16,1,0,89,59,465.37,0,10,0,80
CUST00654,small-business,north,21.83,5.93,0,0,11,54,43.66,0,12,0,93
CUST00072,enterprise,west,151.83,0.0,0,0,0,6,15183.24,0,12,0,100
CUST00761,small-business,east,26.69,30.56,1,0,47,4,53.39,0,11,1,61
CUST00591,small-business,south,61.12,26.95,0,0,1,22,122.23,0,12,0,78
CUST01126,enterprise,east,88.1,15.81,1,0,10,47,8809.51,0,12,0,79
CUST00945,mid-market,west,55.55,5.49,2,1,33,37,555.54,0,8,0,68
CUST00582,mid-market,west,58.41,23.62,0,0,3,5,584.12,0,12,0,80
CUST00775,enterprise,west,88.05,11.85,0,0,4,45,8804.99,0,12,0,89
CUST01182,mid-market,east,20.77,12.18,1,0,0,57,207.71,0,12,0,84
CUST00441,mid-market,east,47.5,21.86,0,0,29,47,474.98,0,12,0,77
CUST01379,mid-market,north,79.56,4.14,2,0,22,28,795.62,0,12,0,81
CUST00533,small-business,west,53.83,21.79,3,0,16,8,107.66,1,12,1,61
CUST00128,enterprise,north,177.14,1.49,0,0,21,28,17714.12,0,12,0,95
CUST00724,small-business,west,0.0,24.24,0,0,13,13,0.0,0,12,0,78
CUST00408,small-business,south,19.78,26.15,2,0,0,35,39.57,0,12,0,67
CUST00494,mid-market,west,19.05,31.13,0,0,0,3,190.48,0,12,0,75
CUST01006,mid-market,west,78.56,43.49,0,0,3,24,785.61,0,12,1,64
CUST00031,mid-market,south,62.73,29.41,1,0,3,46,627.35,0,12,0,69
CUST00762,mid-market,north,27.94,36.56,1,0,32,31,279.44,0,11,1,59
CUST00034,mid-market,north,49.65,21.91,0,1,41,37,496.53,0,8,1,65
CUST00117,small-business,north,17.29,27.81,0,1,54,54,34.59,0,8,1,58
CUST00665,mid-market,south,38.22,6.37,0,1,1,7,382.16,0,9,0,84
CUST00419,mid-market,south,19.1,12.51,0,0,102,38,191.02,0,9,0,79
CUST00106,small-business,south,44.61,2.93,2,1,29,33,89.21,0,9,0,70
CUST01124,mid-market,south,50.64,23.67,2,0,19,22,506.35,0,12,0,65
CUST00771,small-business,east,40.26,18.67,1,0,3,56,80.52,0,12,0,78
CUST00261,small-business,north,39.25,32.25,1,1,48,12,78.5,0,8,1,50
CUST00018,small-business,west,0.0,9.81,0,0,19,33,0.0,0,12,0,88
CUST00858,enterprise,east,93.23,13.89,0,0,6,10,9323.03,0,12,0,87
CUST01205,small-business,north,85.19,0.0,3,0,12,28,170.39,1,12,0,80
CUST00062,small-business,south,5.87,22.32,0,2,14,1,11.74,0,6,1,59
CUST01277,small-business,east,25.85,25.37,1,1,19,55,51.7,0,9,1,60
CUST00041,enterprise,south,85.84,10.89,0,0,14,44,8584.2,0,12,0,88
CUST00744,mid-market,east,56.52,16.73,4,0,29,37,565.22,1,12,1,57
CUST00918,mid-market,south,105.74,9.71,0,0,7,1,1057.38,0,12,0,91
CUST00122,mid-market,east,52.35,5.15,1,0,59,40,523.52,0,11,0,80
CUST01224,mid-market,east,28.11,2.23,0,0,107,29,281.13,0,9,0,88
CUST00424,small-business,west,10.26,43.0,2,0,24,49,20.51,0,12,1,49
CUST00710,mid-market,east,74.05,29.77,0,0,6,36,740.45,0,12,0,75
CUST00148,enterprise,south,94.12,0.0,0,0,0,35,9411.99,0,12,0,100
CUST00348,small-business,west,12.24,35.99,2,1,11,23,24.47,0,9,1,47
CUST00313,mid-market,south,0.0,21.26,0,0,10,46,0.0,0,12,0,81
CUST01203,mid-market,west,68.54,23.84,0,0,32,52,685.43,0,11,0,75
CUST00363,small-business,east,0.0,13.16,1,2,33,49,0.0,0,5,1,57
CUST00579,enterprise,north,94.84,0.0,0,0,5,16,9484.16,0,12,0,99
CUST01266,mid-market,west,51.24,14.57,1,0,9,14,512.4,0,12,0,80
CUST01489,mid-market,north,0.0,7.31,2,0,16,23,0.0,0,12,0,79
CUST00384,mid-market,south,54.15,16.6,1,0,1,13,541.49,0,12,0,80
CUST00493,mid-market,east,60.02,34.31,0,0,2,38,600.16,0,12,0,72
CUST01214,mid-market,south,32.27,24.4,1,0,0,59,322.69,0,12,0,74
CUST01174,mid-market,east,89.63,4.27,3,0,1,59,896.28,1,12,0,78
CUST00876,mid-market,south,68.79,24.02,1,0,3,13,687.94,0,12,0,74
CUST01448,enterprise,east,99.34,6.62,1,0,12,57,9933.84,0,12,0,86
CUST00490,mid-market,west,101.8,1.04,0,0,0,8,1017.99,0,12,0,99
CUST00107,mid-market,west,50.55,36.76,0,1,14,14,505.53,0,9,1,58
CUST00944,mid-market,north,65.62,24.26,1,0,18,2,656.15,0,12,0,71
CUST01152,mid-market,east,69.32,21.54,0,0,3,3,693.22,0,12,0,82
CUST01291,mid-market,west,39.72,12.88,1,0,52,13,397.21,0,11,0,75
CUST00369,small-business,west,5.92,13.02,0,0,55,17,11.84,0,11,0,80
CUST00114,enterprise,west,87.79,0.0,0,0,24,40,8779.17,0,12,0,96
CUST00985,small-business,west,12.92,16.72,1,1,40,10,25.83,0,8,1,63
CUST00192,mid-market,east,65.18,0.03,1,0,2,54,651.8,0,12,0,93
CUST01147,mid-market,south,69.77,15.54,2,0,14,45,697.69,0,12,0,73
CUST00474,small-business,west,0.0,13.27,0,0,6,40,0.0,0,12,0,88
CUST00251,enterprise,west,55.63,21.83,0,0,111,18,5563.27,0,9,0,72
CUST01480,mid-market,south,21.32,12.07,3,0,28,1,213.2,1,12,0,67
CUST00633,mid-market,south,54.23,35.89,0,0,2,29,542.29,0,12,0,70
CUST00555,mid-market,west,45.74,12.41,2,0,31,50,457.4,0,11,0,72
CUST00834,mid-market,west,15.69,25.42,0,0,77,53,156.93,0,10,0,69
CUST00790,mid-market,west,95.67,0.77,1,0,5,41,956.69,0,12,0,92
CUST01346,small-business,north,51.32,19.82,1,0,37,1,102.64,0,11,0,71
CUST00593,mid-market,north,43.73,25.33,1,0,8,20,437.29,0,12,0,72
CUST01101,small-business,east,11.45,26.4,1,0,12,7,22.91,0,12,0,70
CUST01181,small-business,west,65.99,32.13,0,0,10,57,131.98,0,12,0,72
CUST00127,mid-market,north,78.07,32.72,0,0,2,59,780.7,0,12,0,73
CUST00645,enterprise,north,84.95,0.0,0,1,1,54,8494.65,0,9,0,89
CUST01458,small-business,east,59.44,31.16,5,0,122,55,118.89,1,8,1,35
CUST00328,enterprise,north,94.45,0.0,0,0,9,14,9444.5,0,12,0,98
CUST01239,small-business,south,30.38,24.92,3,0,71,59,60.77,1,10,1,52
CUST00265,enterprise,north,94.99,2.83,0,0,18,40,9498.63,0,12,0,94
CUST01312,mid-market,south,70.6,27.41,1,0,6,50,705.97,0,12,0,71
CUST00061,small-business,east,74.41,24.05,5,0,5,27,148.82,1,12,1,49
CUST00797,mid-market,north,54.63,16.63,0,0,11,43,546.35,0,12,0,84
CUST00972,small-business,north,52.73,17.09,1,0,7,45,105.47,0,12,0,79
CUST00574,mid-market,west,0.0,34.95,2,0,9,7,0.0,0,12,1,58
CUST00392,mid-market,south,21.97,13.34,0,1,37,29,219.69,0,8,1,73
CUST00293,mid-market,west,57.92,14.1,2,0,23,39,579.17,0,12,0,72
CUST01365,mid-market,north,18.1,30.22,0,0,38,48,180.99,0,11,0,69
CUST00224,small-business,west,74.59,11.72,0,0,6,50,149.17,0,12,0,89
CUST00998,mid-market,north,48.15,32.29,1,0,54,14,481.51,0,11,1,59
CUST00963,enterprise,west,126.95,0.0,0,0,5,15,12695.26,0,12,0,99
CUST00038,small-business,east,0.0,10.62,5,1,31,46,0.0,1,8,1,46
CUST00453,small-business,east,2.11,30.74,3,1,15,58,4.22,1,9,1,44
CUST00880,small-business,south,0.0,21.49,0,0,13,58,0.0,0,12,0,80
CUST00477,small-business,west,39.55,8.62,1,1,44,15,79.09,0,8,0,69
CUST00310,mid-market,west,26.48,26.09,1,0,40,44,264.79,0,11,0,66
CUST00535,small-business,west,16.51,22.15,2,1,88,51,33.03,0,7,1,50
CUST00799,mid-market,south,77.96,30.97,1,0,9,56,779.58,0,12,0,67
CUST01149,mid-market,north,91.69,0.0,1,0,1,30,916.93,0,12,0,93
CUST00120,mid-market,north,3.33,0.0,2,1,8,25,33.28,0,9,0,76
CUST00052,mid-market,north,45.45,25.88,2,0,3,2,454.46,0,12,0,66
CUST00912,small-business,east,49.48,6.0,2,0,26,55,98.96,0,12,0,78
CUST00472,small-business,east,13.25,36.25,1,0,10,7,26.51,0,12,1,63
CUST00273,mid-market,west,23.38,15.63,0,1,168,4,233.75,0,4,1,67
CUST00093,mid-market,north,26.8,16.49,2,0,20,47,268.03,0,12,0,71
CUST01008,small-business,west,17.89,11.02,3,0,21,54,35.78,1,12,0,69
CUST01046,mid-market,south,47.46,1.23,0,0,16,39,474.64,0,12,0,96
CUST00711,mid-market,west,0.0,25.14,0,0,2,26,0.0,0,12,0,79
CUST00178,small-business,north,22.23,17.71,2,1,6,17,44.45,0,9,1,62
CUST00931,mid-market,south,38.66,12.51,3,0,65,52,386.62,1,10,1,61
CUST01033,mid-market,east,55.51,15.86,2,0,63,58,555.14,0,10,0,65
CUST01036,mid-market,west,75.84,27.42,1,0,0,57,758.36,0,12,0,72
CUST00417,enterprise,west,111.05,0.0,0,0,7,57,11105.45,0,12,0,98
CUST00012,mid-market,south,78.5,37.27,0,0,4,47,785.0,0,12,0,69
CUST00779,small-business,south,32.56,16.73,2,0,1,25,65.11,0,12,0,74
CUST00554,mid-market,east,37.66,31.54,1,1,3,22,376.57,0,9,1,58
CUST01339,mid-market,south,23.37,11.4,1,0,5,17,233.66,0,12,0,84
CUST00691,mid-market,north,29.23,0.31,1,1,60,51,292.32,0,7,0,73
CUST00946,mid-market,west,37.25,30.58,2,1,0,7,372.53,0,9,1,53
CUST01295,small-business,south,39.83,25.99,1,0,23,4,79.67,0,12,0,69
CUST00182,mid-market,east,2.26,25.65,1,0,0,18,22.58,0,12,0,73
CUST00954,small-business,south,0.0,7.14,0,0,28,49,0.0,0,12,0,89
CUST00900,mid-market,west,127.83,11.38,0,0,3,23,1278.29,0,12,0,90
CUST00655,mid-market,west,104.29,0.0,1,0,6,57,1042.85,0,12,0,93
CUST00646,mid-market,west,65.92,14.78,0,0,4,28,659.17,0,12,0,87
CUST00418,enterprise,south,94.79,0.0,0,0,2,21,9479.4,0,12,0,99
CUST00992,mid-market,north,0.0,8.18,1,0,21,16,0.0,0,12,0,83
CUST00475,small-business,south,1.8,22.11,2,2,24,29,3.6,0,6,1,46
CUST00716,enterprise,west,67.08,5.23,0,0,30,20,6707.9,0,11,0,90
CUST00486,mid-market,west,81.18,4.97,0,0,17,32,811.82,0,12,0,93
CUST00429,mid-market,north,4.46,16.43,2,1,1,1,44.64,0,9,1,64
CUST00080,enterprise,north,134.49,5.25,1,1,9,18,13448.87,0,9,0,78
CUST01116,enterprise,west,89.39,0.0,0,0,5,46,8938.99,0,12,0,99
CUST00764,mid-market,east,68.57,36.38,2,0,4,36,685.67,0,12,1,58
CUST00234,small-business,north,0.0,15.01,0,1,0,20,0.0,0,9,1,77
CUST00319,small-business,south,39.78,16.14,0,0,23,40,79.56,0,12,0,83
CUST00587,mid-market,east,77.84,25.43,1,0,17,31,778.41,0,12,0,70
CUST00467,small-business,south,50.64,40.88,1,0,35,47,101.28,0,11,1,55
CUST00066,enterprise,east,115.58,15.33,1,0,20,38,11558.04,0,12,0,78
CUST00676,small-business,west,57.96,34.87,1,1,96,16,115.92,0,6,1,46
CUST00436,mid-market,south,71.03,28.55,0,0,15,29,710.28,0,12,0,74
CUST00349,enterprise,south,103.77,0.0,0,0,9,52,10377.25,0,12,0,98
CUST00044,small-business,west,73.44,13.23,0,1,5,32,146.88,0,9,1,78
CUST00932,enterprise,east,64.63,17.8,1,0,8,22,6463.23,0,12,0,78
CUST00627,mid-market,west,43.33,40.47,2,1,2,55,433.26,0,9,1,45
CUST00356,mid-market,west,39.15,39.68,0,1,89,26,391.51,0,7,1,48
CUST01088,enterprise,east,107.61,0.0,1,0,15,3,10761.12,0,12,0,91
CUST01319,enterprise,west,106.9,0.0,0,0,2,28,10690.01,0,12,0,99
CUST01168,small-business,west,33.2,2.65,4,1,40,9,66.41,1,8,1,57
CUST00770,small-business,south,0.0,29.82,0,0,0,5,0.0,0,12,0,76
CUST00905,mid-market,north,41.03,14.91,1,0,45,7,410.3,0,11,0,74
CUST01314,mid-market,south,106.94,0.0,1,0,0,23,1069.37,0,12,0,94
CUST00618,mid-market,north,95.4,14.82,1,0,5,7,954.0,0,12,0,81
CUST00010,small-business,south,0.0,26.12,0,1,36,35,0.0,0,8,1,63
CUST01092,enterprise,south,109.76,4.49,0,0,32,17,10975.8,0,11,0,91
CUST00837,small-business,west,19.57,17.86,1,0,65,2,39.14,0,10,0,69
CUST00456,small-business,west,0.0,20.04,2,0,15,50,0.0,0,12,0,69
CUST00637,small-business,north,25.26,6.63,1,1,55,56,50.52,0,8,0,69
CUST00705,mid-market,west,77.05,30.6,1,0,7,58,770.47,0,12,0,68
CUST00793,mid-market,west,86.2,0.0,1,0,2,6,861.98,0,12,0,93
CUST00152,mid-market,north,71.4,20.47,2,0,5,53,714.02,0,12,0,70
CUST00957,enterprise,north,103.22,0.0,1,0,14,45,10321.51,0,12,0,91
CUST01388,small-business,west,0.0,10.07,0,0,16,24,0.0,0,12,0,89
CUST00318,enterprise,north,116.23,8.85,2,0,9,57,11622.61,0,12,0,79
CUST01039,small-business,east,42.82,2.57,2,0,37,59,85.63,0,11,0,79
CUST00610,small-business,east,19.28,24.41,0,0,10,11,38.56,0,12,0,78
CUST01077,mid-market,west,88.96,25.98,1,1,12,1,889.61,0,9,1,61
CUST00529,small-business,north,0.0,26.54,3,0,9,57,0.0,1,12,1,59
CUST01284,mid-market,north,41.62,19.96,0,0,25,23,416.19,0,12,0,79
CUST00974,small-business,west,92.76,0.0,3,0,15,8,185.52,1,12,0,79
CUST00398,mid-market,south,49.86,27.73,0,0,16,38,498.55,0,12,0,75
CUST00928,small-business,west,44.84,30.71,2,0,17,42,89.68,0,12,1,60
CUST01459,small-business,north,87.64,3.92,1,1,0,15,175.27,0,9,0,80
CUST00950,mid-market,south,68.86,16.43,1,0,11,4,688.63,0,12,0,79
CUST00383,mid-market,north,70.11,9.28,1,0,10,18,701.14,0,12,0,84
CUST01172,mid-market,south,47.62,25.09,0,0,34,58,476.18,0,11,0,74
CUST00523,enterprise,north,104.06,0.0,0,0,13,45,10406.21,0,12,0,97
CUST00550,enterprise,north,141.04,0.0,0,0,2,34,14104.39,0,12,0,99
CUST01145,mid-market,east,31.06,20.53,0,0,34,23,310.58,0,11,0,77
